date,PX,ret_1d,logret_1d,sma_5,sma_20,ema_12,ema_26,sma_cross,bb_mid_20,bb_up_20,bb_lo_20,bb_pos,rsi_14,macd,macd_sig_9,macd_hist,vol_20d,roc_12,Volume,avg_sentiment,sentiment_lag1,z_rsi,z_macd,z_px_roc,composite,signal,future_ret
2025-04-17,367.78,-0.0103065041306746,-0.0103599839215111,380.276,379.85800000000006,377.573107971588,381.8660849580913,1,379.85800000000006,404.3906288419154,355.3253711580847,-0.4923239200262207,41.78464864905796,-4.292976986503334,-4.931079202472828,0.6381022159694947,0.450732092600129,-0.0377037599099925,21120192.0,0.0,0.0,,,,,0,-0.023546685518516464
2025-04-21,359.12,-0.0235466855185164,-0.0238283388390303,374.41,378.251,374.73416828365134,380.18118977601046,-1,378.251,403.8272923941688,352.67470760583126,-0.7479973916923854,38.03897259803047,-5.447021492359113,-5.034267660450086,-0.4127538319090273,0.4536505183325287,-0.0602397027267492,20807279.0,0.0,0.0,,,,,0,0.02144130095789709
2025-04-22,366.82,0.021441300957897,0.0212146700492098,370.212,376.938,373.5166039323204,379.1914720148245,-1,376.938,401.9999700154051,351.8760299845949,-0.403719260448427,42.937045346696735,-5.674868082504133,-5.162387744860896,-0.5124803376432379,0.4617189972696818,-0.0168582991611053,19484993.0,0.0,0.0,,,,,0,0.02063682460062144
2025-04-23,374.39,0.0206368246006214,0.0204267703221385,367.944,375.8995000000001,373.6509725581173,378.8358074211338,-1,375.8995000000001,399.45846296083306,352.34053703916703,-0.0640732787139067,47.34405376438595,-5.18483486301659,-5.166877168492035,-0.0179576945245552,0.4686002052339035,0.0404346376167186,20545526.0,0.0,0.0,,,,,0,0.034482758620689724
2025-04-24,387.3,0.0344827586206897,0.0339015516756814,371.082,375.766,375.75082293379154,379.462784649198,-1,375.766,399.0175012758182,352.5144987241817,0.496053990801683,53.88508315929978,-3.71196171540646,-4.8758940778749205,1.1639323624684603,0.4841625126516666,0.0822668082490358,22232289.0,0.0,0.0,,,,,0,0.011747998967208906
2025-04-25,391.85,0.0117479989672089,0.0116795269781671,375.896,375.8295,378.2276194055159,380.3803561566649,1,375.8295,399.2576130942789,352.4013869057211,0.683815206778739,55.96143832776716,-2.15273675114895,-4.331262612529726,2.178525861380776,0.4860190272187878,0.1051726083032491,18973165.0,0.0,0.0,,,,,0,-0.0017608778869465658
2025-04-28,391.16,-0.0017608778869465,-0.0017624300547992,382.304,376.4475,380.2172164200519,381.1788482932082,1,376.4475,400.837856916756,352.057143083244,0.6032097049753566,55.55294060154429,-0.9616318731563068,-3.657336464655043,2.695704591498736,0.4723770267169206,0.0017157929780533,16579430.0,0.0,0.0,,,,,0,0.007362716024133409
2025-04-29,394.04,0.0073627160241334,0.007335743543404,387.748,377.38,382.3437985092747,382.13152619741504,1,377.38,402.9954221638452,351.7645778361548,0.6503894370132499,56.96499275032451,0.2122723118596354,-2.8834147093521074,3.095687021211743,0.471056065538023,0.0332765176347187,14973976.0,0.0,0.0,,,,,0,0.0030961323723479595
2025-04-30,395.26,0.0030961323723479,0.0030913492248099,391.922,378.0335,384.3309064309248,383.10400573834727,1,378.0335,404.8063411287577,351.2606588712423,0.6434318986600328,57.5797908748453,1.2269006925774877,-2.061351628966188,3.288252321543676,0.4674989285696441,0.0175312137984295,36461075.0,0.0,0.0,,,,,0,0.07625360522187918
2025-05-01,425.4,0.0762536052218791,0.0734861265538484,399.542,380.1965,390.6492285184748,386.23704235032153,1,380.1965,414.3413291685258,346.0516708314741,1.3238754183508374,69.26257274756526,4.412186168153255,-0.7666440695422995,5.178830237695554,0.532260934703081,0.0969289084861142,58938100.0,0.0,0.0,,,,,0,0.02322519981194171
2025-05-02,435.28,0.0232251998119417,0.022959599411533,408.228,383.305,397.515501054094,389.8698540280755,1,383.305,425.1784874039514,341.4315125960486,1.241238865504556,71.98617825539884,7.64564702601848,0.9158141495698564,6.729832876448624,0.5240079371992442,0.1284577294999092,30757434.0,0.0,0.0,,,,,0,0.002044660907921436
2025-05-05,436.17,0.0020446609079214,0.0020425734337741,417.23,387.1215,403.4623470457718,393.29949447044027,1,387.1215,433.6457122702673,340.5972877297327,1.054257506071648,72.22493165895247,10.162852575331556,2.7652218347221966,7.397630740609359,0.4984530141320721,0.1737305239363848,20136053.0,0.0,0.0,,,,,0,-0.006557076369305581
2025-05-06,433.31,-0.0065570763693055,-0.0065786684335278,425.084,390.894,408.0542936541146,396.263235620778,1,390.894,439.6120785205793,342.1759214794207,0.8706418908143679,70.15573809616524,11.791058033336585,4.570389074445075,7.220668958891508,0.4988943828085732,0.1781771711349176,15104204.0,0.0,0.0,,,,,0,9.231266298970198e-05
2025-05-07,433.35,9.231266298970198e-05,9.230840243802777e-05,432.70200000000006,394.8335,411.94594078425087,399.0104033525722,1,394.8335,443.9217175915595,345.7452824084405,0.7846383896127189,70.16861069093673,12.935537431678595,6.24341874589178,6.692118685786817,0.4953031370909942,0.2066997104032077,23307241.0,0.0,0.0,,,,,0,0.011122649128879614
2025-05-08,438.17,0.0111226491288796,0.0110612473478418,435.256,397.2175,415.9804114328277,401.9111142153447,1,397.2175,449.91598569681446,344.5190143031856,0.7771096163105786,71.7498504967493,14.069297217482983,7.808594440210021,6.260702777272963,0.3758683704791596,0.1945095687258056,23491330.0,0.0,0.0,,,,,0,0.001278042768788401
2025-05-09,438.73,0.0012780427687884,0.0012772267673115,435.946,400.0865,419.4803481354696,404.6384390882821,1,400.0865,455.3338028729672,344.83919712703283,0.6994640098332926,71.93597344079924,14.841909047187528,9.215257361605524,5.626651685582004,0.3600431989943611,0.1718528806859158,15324233.0,0.0,0.0,,,,,0,0.024001094066965933
2025-05-12,449.26,0.0240010940669659,0.0237175950415166,438.564,403.127,424.0618330377051,407.94373989655753,1,403.127,462.2361557962716,344.01784420372843,0.7804713056468642,75.23940469032516,16.118093141147597,10.59582451751394,5.522268623633657,0.3627401201769699,0.15997934417764,22821935.0,0.0,0.0,,,,,0,-0.00026710590749234875
2025-05-13,449.14,-0.0002671059074923,-0.0002671415866288,441.73,406.1935,427.9200125703659,410.9953147190348,1,406.1935,468.2469670221917,344.14003297780835,0.6920886464674301,75.13086932742391,16.924697851331132,11.86159918427738,5.063098667053753,0.3623223305232327,0.1462039045553145,23618819.0,0.0,0.0,,,,,0,0.008460613617135015
2025-05-14,452.94,0.008460613617135,0.0084250232291931,445.648,409.554,431.7692414056942,414.10232844355073,1,409.554,474.1680393413116,344.9399606586884,0.6714639796905684,76.29692077820079,17.666912962143442,13.022661939850591,4.644251022292849,0.3591951365016221,0.1579404847121381,19902796.0,0.0,0.0,,,,,0,0.00041948160904303755
2025-05-15,453.13,0.000419481609043,0.0004193936512298,448.64,413.63,435.0555119586643,416.9932670773618,1,413.63,478.4503541782213,348.8096458217787,0.609376491393369,76.35661351319689,18.06224488130249,14.030578528140977,4.031666353161516,0.3187485056948096,0.1499593949852806,21992323.0,0.0,0.0,1.0850049017194652,1.3585739710624543,0.6406662182163182,0.780877649485218,1,0.0025158343080351475
2025-05-16,454.27,0.0025158343080351,0.002512674894833,451.74799999999993,417.9545,438.0115870419467,419.7545065531127,1,417.9545,481.42157906673935,354.48742093326064,0.5721942861402537,76.73518872843695,18.257080488833992,14.87587892027958,3.381201568554413,0.3110703021472739,0.1492941355057431,23849781.0,0.0,0.0,1.0567921231893238,1.2886757000367877,0.6121082276228214,0.7477652293150492,1,0.010126136438681987
2025-05-19,458.87,0.0101261364386819,0.010075210618417,453.67,422.942,441.220573650878,422.6519505121414,1,422.942,482.4989779728939,363.3850220271061,0.6032542486684244,78.24863392033242,18.56862313873654,15.614427763970973,2.9541953747655683,0.2834092895542081,0.0786788904560413,21336509.0,0.0,0.0,1.1131940959629907,1.2430604935920442,-0.24181653450094198,0.4487681555152795,1,-0.0015254865212369628
2025-05-20,458.17,-0.0015254865212369,-0.0015266512604802,455.476,427.5095,443.82817770458905,425.2829171408716,1,427.5095,482.8029786199545,372.2160213800455,0.5545048125971073,77.42323599076514,18.54526056371742,16.200594323920264,2.3446662397971565,0.2853639572843421,0.0525868406542915,15441808.0,0.0,0.0,1.0023866648199353,1.174071021305316,-0.550937298476947,0.30116703382338467,1,-0.012222537486086038
2025-05-21,452.57,-0.012222537486086,-0.0122978469752236,455.402,431.4185,445.17307344234456,427.3041825378441,1,431.4185,481.7296235058579,381.107376494142,0.4204139865319702,70.97328808376645,17.86889090450046,16.534253640036304,1.3346372644641562,0.294695984467877,0.0376000183414724,19216906.0,0.0,0.0,0.49018121484114124,1.0521106242928249,-0.717209406134383,0.11004060689440041,1,0.005059990719667784
2025-05-22,454.86,0.0050599907196677,0.005047231987903,455.74799999999993,434.7965,446.66336983583,429.3453542017075,1,434.7965,481.584009928012,388.00899007198814,0.428821709701372,72.00051654981574,17.318015634122503,16.691006038853544,0.6270095952689587,0.2804382301167935,0.0497334471856176,18025612.0,0.0,0.0,0.5562332494568942,0.9547218661369401,-0.5475459803403087,0.15828602330650587,1,-0.010288880094974306
2025-05-23,450.18,-0.0102888800949743,-0.0103421765105752,454.93,437.713,447.20438986108695,430.8886612978773,1,437.713,480.3132679013152,395.1127320986848,0.2926507417483893,66.7978416685789,16.315728563209632,16.61595054372476,-0.3002219805151291,0.2874538280224342,0.0388369678089304,16883509.0,0.0,0.0,0.13794806522739747,0.8202796765875293,-0.669804943928258,-0.0017721981825284394,1,0.02334621706872797
2025-05-27,460.69,0.0233462170687279,0.0230778628211841,455.294,441.18950000000007,449.27909911322746,433.0961678684049,1,441.18950000000007,478.8563445439145,403.5226554560856,0.5177099445445976,71.73697997715526,16.182931244822555,16.529346683944322,-0.3464154391217668,0.2909832172620896,0.0513955770591323,20974293.0,0.0,0.0,0.5278107408883431,0.7818219263989118,-0.4935013086477807,0.12829217175067334,1,-0.007228288002778416
2025-05-28,457.36,-0.0072282880027784,-0.0072545386511607,455.132,444.3555,450.5223146342694,434.8934887670416,1,444.3555,475.3977350490875,413.3132649509124,0.4189292420289921,68.27159778572944,15.62882586722776,16.34924252060101,-0.720416653373249,0.2961087504943545,0.0424634741184783,17086261.0,0.0,0.0,0.2369564651826731,0.7026324633671966,-0.59769375819769,0.013856593509142298,1,0.0028861290886827984
2025-05-29,458.68,0.0028861290886827,0.0028819722143877,456.354,447.5265,451.7773431520741,436.6554525620756,1,447.5265,468.9048710422885,426.1481289577114,0.5217188895233102,68.91266840932346,15.121890589998486,16.103772134480508,-0.9818815444820216,0.2961505656696855,0.0209678137381472,13982211.0,0.0,0.0,0.2855828697903091,0.6317429968359621,-0.860510483937483,-0.08612634621106668,0,0.0036626842242957203
2025-05-30,460.36,0.0036626842242957,0.0036559929301866,457.454,449.2745,453.0977518979088,438.4113449648848,1,449.2745,468.6593649317391,429.8896350682609,0.5718636698803916,69.75038583107127,14.686406933023989,15.820299094189206,-1.1338921611652175,0.163728687148901,0.0249810749432248,34770475.0,0.0,0.0,0.35068004257318064,0.570888127423094,-0.7843555775614709,-0.06166641177610514,0,0.003497263011556173
2025-06-02,461.97,0.0034972630115561,0.0034911618081408,459.81200000000007,450.609,454.46271314438434,440.1564305230414,1,450.609,469.6083550029215,431.6096449970786,0.5979676677578297,70.56889206408789,14.306282621342916,15.51749579961995,-1.211213178277033,0.1475301350365578,0.0199364154192609,16626495.0,0.0,0.0,0.4139290906494134,0.5177521924178401,-0.8296647516690611,-0.07815879684982867,0,0.0021646427257180356
2025-06-03,462.97,0.002164642725718,0.0021623032621133,460.268,451.94900000000007,455.7715265067868,441.8463245583716,1,451.94900000000007,470.4338796246437,433.4641203753564,0.5962170283925987,71.09210376256375,13.925201948415122,15.199037029378983,-1.2738350809638614,0.1475207047484956,0.0217156224483041,15743760.0,0.0,0.0,0.45147200390219394,0.4657698455704704,-0.7848588090125129,-0.06796372098132311,0,0.0019439704516490686
2025-06-04,463.87,0.001943970451649,0.0019420833862943,461.57,453.477,457.0174455057426,443.47770792441816,1,453.477,470.4663676968148,436.4876323031852,0.611735538689209,71.58176433790553,13.53973758132446,14.867177139768078,-1.3274395584436185,0.1432352183146583,0.0211328064807274,14162688.0,0.0,0.0,0.4859900724853119,0.4142712504770934,-0.7735931282681398,-0.06999176777751315,0,0.00821350809494037
2025-06-05,467.68,0.0082135080949403,0.0081799608060967,463.37000000000006,455.1935,458.6578385048592,445.2704703003872,1,455.1935,470.4715203664129,439.9154796335872,0.8172852045314871,73.61898164532224,13.387368204472011,14.571215352708863,-1.183847148236854,0.1436288919155146,0.0191993375029964,20154460.0,0.0,0.0,0.6559348665155333,0.38997829654168464,-0.7813392895432798,-0.04478720390162008,0,0.005773178241532673
2025-06-06,470.38,0.0057731782415326,0.005756577310805,465.374,456.804,460.4612479656501,447.1304354633214,1,456.804,471.29676465582617,442.3112353441738,0.9367432869022956,74.98741094833889,13.330812502328628,14.32313478263282,-0.992322280304192,0.1412931022732403,0.0266494969116266,15285624.0,0.0,0.0,0.7629020661816356,0.37716751876800414,-0.6635608297153937,0.014626002527940385,1,0.00503847952719072
2025-06-09,472.75,0.0050384795271907,0.0050258288648259,467.53,458.505,462.3518252017039,449.0281809845569,1,458.505,472.01856823035786,444.991431769642,1.0541257317959134,76.15655770587225,13.323644217146978,14.123236669535652,-0.7995924523886746,0.1411209689693803,0.0445897872152374,16469932.0,0.0,0.0,0.8491088641611143,0.3704534928200477,-0.4048525760841994,0.12073674440776502,1,-0.003870967741935405
2025-06-10,470.92,-0.0038709677419354,-0.0038784793285707,469.12,459.588,463.6700059399033,450.64979720792303,1,459.588,473.44921373893874,445.7267862610613,0.817533025132302,73.3072159968706,13.02020873198029,13.90263108202458,-0.8824223500442905,0.1219927498110964,0.0353075671635227,15375944.0,0.0,0.0,0.5764245115047051,0.32897280974392323,-0.5276838827297008,0.012838745781526564,1,0.003609954981737884
2025-06-11,472.62,0.0036099549817378,0.0036034547332919,470.87000000000006,460.762,465.0469281029952,452.2772196369658,1,460.762,474.87238975181504,446.65161024818497,0.8403736685214312,74.27027926136213,12.769708466029329,13.676046558825533,-0.9063380927962026,0.12166283511563,0.0498467279754764,16399176.0,0.0,0.0,0.653380125910116,0.29421468655850663,-0.3142235082913215,0.09425146891968735,1,0.013224154712030867
2025-06-12,478.87,0.0132241547120308,0.013137478884932,473.108,462.0585,467.1735545486882,454.2470552194128,1,462.0585,477.812112484651,446.304887515349,1.0671520590200954,77.48633083336321,12.926499329275371,13.5261371129155,-0.5996377836401265,0.1257629797484609,0.0394625453124661,18950582.0,0.0,0.0,0.9312891066850577,0.30924309906965336,-0.4581416578510022,0.10321901585657413,1,-0.008165055234197194
2025-06-13,474.96,-0.0081650552341971,-0.0081985718657999,474.024,463.15,468.3714692335054,455.7813474253822,1,463.15,479.3184592242111,446.98154077578886,0.730434473454054,71.46793703356337,12.590121808123229,13.338934051957043,-0.7488122438338163,0.1315011648972219,0.0384817211824382,16814456.0,0.0,0.0,0.3620475272902983,0.2636728699413435,-0.4654385411057702,-0.024575766443624025,0,0.008800741115041255
2025-06-16,479.14,0.0088007411150412,0.008762240318423,475.302,464.3935,470.0281662745045,457.51161798646496,1,464.3935,481.4854522767983,447.3015477232016,0.8627744660870506,73.80988438806773,12.516548288039589,13.174456899173554,-0.6579086111339674,0.1334586685440003,0.0446062614458881,15626104.0,0.0,0.0,0.5746164662568335,0.251117109022059,-0.3693566127070214,0.04842775605942398,1,-0.002295779939057385
2025-06-17,478.04,-0.0022957799390573,-0.0022984192821627,476.726,465.352,471.2607560784269,459.0322388763565,1,465.352,483.269847145139,447.43415285486105,0.708120785785482,72.1319585350673,12.228517202070464,12.985268959752936,-0.7567517576824727,0.1315604385636608,0.0384047267355982,15414128.0,0.0,0.0,0.4085230465786411,0.21161371722736433,-0.45587443817485457,-0.0249480147386298,0,0.004602125345159358
2025-06-18,480.24,0.0046021253451593,0.0045915679449073,478.25,466.4555,472.6421782202074,460.6031841447745,1,466.4555,485.20987405824496,447.7011259417551,0.7350018698139348,73.43278381755505,12.038994075432925,12.796013982888937,-0.7570199074560104,0.1311484656875557,0.03954802259887,17526452.0,0.0,0.0,0.5262728762149005,0.1848452344154015,-0.43254497875786,7.514128157945499e-05,1,-0.00591370981176087
2025-06-20,477.4,-0.0059137098117608,-0.005931265038858,477.956,467.697,473.37415080171394,461.8473927266431,1,467.697,485.8591330766935,449.53486692330654,0.5342434150783386,68.957947150888,11.52675807507086,12.542162801325322,-1.015404726254463,0.1234362083925739,0.031168326241441,37576206.0,0.0,0.0,0.08931792610266753,0.1163672287202886,-0.5525564072376733,-0.14643935013258,0,0.018014243820695386
2025-06-23,486.0,0.0180142438206953,0.017853909995764,480.164,469.254,475.3165891399118,463.6364747468917,1,469.254,488.108433403,450.3995665970001,0.888173070071439,74.10410314392163,11.680114393020062,12.36975311966427,-0.6896387266442083,0.1345749113235494,0.047707331795546,24863952.0,0.0,0.0,0.5876551317776353,0.1351830333586497,-0.2937464092525483,0.048515541456797595,1,0.008456790123456903
2025-06-24,490.11,0.0084567901234569,0.0084212318060332,482.358,471.2505,477.5924985030023,465.5974766174924,1,471.2505,490.0570548203632,452.4439451796368,1.002815251392002,76.139893032585,11.995021885509914,12.2948068728334,-0.2997849873234859,0.1255027621387198,0.0479601436879917,22305642.0,0.0,0.0,0.7760112718893234,0.17546065517543447,-0.28643941572452697,0.09881362266813888,1,0.0044071738997366605
2025-06-25,492.27,0.0044071738997366,0.0043974907486416,485.204,472.8295,479.8505756563866,467.5732190902707,1,472.8295,493.14512165326727,452.5138783467327,0.9569237078636704,77.15629422717709,12.277356566115884,12.291316811489898,-0.0139602453740135,0.1040083920098517,0.0465368425528296,17495099.0,0.0,0.0,0.8610250595332546,0.21140017466640304,-0.305320904675079,0.11819273893697406,1,0.01052268064273676
2025-06-26,497.45,0.0105226806427367,0.0104677025802,488.646,474.834,482.5581794015579,469.7863139724728,1,474.834,496.5835044347845,453.0844955652155,1.0398397842954843,79.42037036322104,12.77186542908504,12.387426535008927,0.3844388940761121,0.0990266564168538,0.0522474881015335,21578853.0,0.0,0.0,1.0630010812901232,0.2760663388410256,-0.21212734336499173,0.20737223079053393,1,-0.0030354809528595483
2025-06-27,495.94,-0.0030354809528595,-0.003040097369564,492.354,476.697,484.6169210320874,471.723624048586,1,476.697,498.9965898947606,454.3974101052394,0.862930667820096,77.0238476473424,12.893296983501443,12.48860062470743,0.4046963587940126,0.1022517103454388,0.0531300433194597,34539236.0,0.0,0.0,0.8097646268179319,0.2896705994867267,-0.19586780928300956,0.16581684198621474,1,0.0029640682340605906
2025-06-30,497.41,0.0029640682340605,0.0029596840450329,494.636,478.5495,486.5850870271509,473.6263185635056,1,478.5495,501.2861446397553,455.8128553602446,0.8295199357174365,77.72842022505742,12.958768463645356,12.582634192495016,0.3761342711503399,0.1023040693436488,0.052452287249799,28368991.0,0.0,0.0,0.8648709393754525,0.2956074346771761,-0.20475132315953593,0.17521308343854697,1,-0.010775818741078802
2025-07-01,492.05,-0.0107758187410788,-0.010834298365843,495.024,480.0535,487.4258428691277,474.9910357069496,1,480.0535,502.14269552514776,457.9643044748522,0.543093567456653,69.37466971187878,12.43480716217806,12.553068786431623,-0.1182616242535647,0.1148736252529013,0.0275231273623322,19945375.0,0.0,0.0,0.025628644909462355,0.21945872919676473,-0.6055175302847458,-0.15194072431857733,0,-0.0019510212376792069
2025-07-02,491.09,-0.0019510212376792,-0.0019529269587524,494.788,481.45949999999993,487.98955935080033,476.1835515805089,1,481.45949999999993,502.5263174850453,460.3926825149546,0.4571407146255673,67.96576063160416,11.806007770291444,12.40365658320359,-0.597648812912146,0.1162651705251185,0.0339607545898601,16319641.0,0.0,0.0,-0.11618119026084846,0.12866363134134437,-0.49330135348721127,-0.16372580393735753,0,0.015781221364719267
2025-07-03,498.84,0.0157812213647192,0.0156579926663041,495.066,483.208,489.6588579122157,477.86180701898974,1,483.208,503.92995642056,462.4860435794399,0.7543689255368837,72.7730116295072,11.7970508932259,12.282335445208052,-0.4852845519821525,0.1245869200330173,0.0411153316358474,13984829.0,0.0,0.0,0.3723055270682364,0.1261719289882414,-0.3703186300573225,-0.023607432859355237,1,-0.0022452088846122153
2025-07-07,497.72,-0.0022452088846122,-0.0022477331451158,495.4219999999999,484.71,490.8990336180286,479.3327842768424,1,484.71,505.0440875327696,464.3759124672305,0.6398123337982909,71.11217338264919,11.56624934118622,12.139118224403688,-0.5728688832174669,0.125038188285397,0.0411681030876076,13981605.0,0.0,0.0,0.1988225950939966,0.09181172930745633,-0.3655914059907757,-0.06523954075110809,0,-0.002210077955477008
2025-07-08,496.62,-0.002210077955477,-0.002212523782071,495.264,486.0220000000001,491.77918229217806,480.61331877485406,1,486.0220000000001,505.84266502683823,466.20133497316186,0.5346944709296947,69.43606749392032,11.165863517324,11.944467282987752,-0.7786037656637532,0.1259993376257014,0.0341079460269864,11846586.0,0.0,0.0,0.023863384417690706,0.03283610465273973,-0.4796007829673237,-0.15487857099184024,0,0.013873786798759502
2025-07-09,503.51,0.0138737867987595,0.0137784268092186,497.5559999999999,487.56000000000006,493.5839234779969,482.309369235976,1,487.56000000000006,507.8134176453423,467.30658235465785,0.7875214089444322,73.62881213491829,11.274554242020828,11.810484674794369,-0.5359304327735401,0.1318248494725724,0.0546920821114369,18659538.0,0.0,0.0,0.4600830712127898,0.04848287832295112,-0.1278253263503015,0.05939846960069023,1,-0.004031697483664609
2025-07-10,501.48,-0.0040316974836646,-0.0040398466867537,499.634,489.088,494.798704481382,483.729415959237,1,489.088,508.6550804104841,469.5209195895159,0.6333085846246292,70.55770392098201,11.069288522144916,11.662245444264478,-0.5929569221195621,0.1319401841784478,0.0318518518518518,16498740.0,0.0,0.0,0.1333735127572074,0.017684505616357326,-0.514655223095172,-0.14903349912777936,0,0.003669139347531214
2025-07-11,503.32,0.0036691393475312,0.0036624244759427,500.53,490.62299999999993,496.1096730227078,485.1805703326269,1,490.62299999999993,509.5570451929666,471.68895480703327,0.6705909841557013,71.70954796447468,10.929102690080867,11.515616893427756,-0.5865142033468889,0.1319430751151839,0.0269531329701495,16459512.0,0.0,0.0,0.25421993811532806,-0.0034038730958558046,-0.5924480615213248,-0.157363802183362,0,-0.000596042279265685
2025-07-14,503.02,-0.0005960422792656,-0.0005962199830811,501.59,491.8304999999999,497.17280024998354,486.5020095672472,1,491.8304999999999,510.6887373178865,472.9722626821133,0.5933481380779463,71.22031690374655,10.670790682736367,11.34665165128948,-0.6758609685531116,0.1270662860844482,0.0218376094419729,12058848.0,0.0,0.0,0.19971336119822305,-0.042304393561071636,-0.6730724239045376,-0.20620877451721142,0,0.005566379070414795
2025-07-15,505.82,0.0055663790704147,0.0055509440341215,503.43,493.3735,498.50313867306295,487.93297182152514,1,493.3735,511.4536295698912,475.2933704301088,0.6884076771621784,73.06720237487019,10.570166851537806,11.191354691339145,-0.6211878398013386,0.1209975612429434,0.0168258116393607,14927202.0,0.0,0.0,0.3966904986143996,-0.05725391567637721,-0.7507616257117377,-0.19774194819532254,0,-0.00039539757225892647
2025-07-16,505.62,-0.0003953975722589,-0.0003954757624904,503.852,494.6975000000001,499.5980404156686,489.2431220569677,1,494.6975000000001,512.2597644206221,477.13523557937793,0.6219300506132027,72.70828498060742,10.3549183587009,11.024067424811497,-0.669149066110597,0.1197211817539646,0.0195184901399363,15154374.0,0.0,0.0,0.32769122447747195,-0.1348712449339692,-0.7356048826561745,-0.225641275267659,0,0.012024840789525593
2025-07-17,511.7,0.0120248407895255,0.0119531167987289,505.896,496.3805,501.4598803517196,490.9065944971923,1,496.3805,513.6707180742044,479.09028192579575,0.8860212135123671,76.48920588375793,10.553285854527246,10.929911110754649,-0.3766252562274008,0.1225014906580418,0.0287288152630624,17503129.0,0.0,0.0,0.8060785897447797,-0.15610902546624522,-0.6207348120575429,-0.09506872263774535,0,-0.0032245456322063104
2025-07-18,510.05,-0.0032245456322063,-0.0032297556825181,507.242,497.871,502.78143722068575,492.3246245344373,1,497.871,514.4266667353975,481.3153332646025,0.735639355071109,73.51278272284505,10.45681268624844,10.835291425853406,-0.3784787396049651,0.1246219810612572,0.0365816482064831,21209666.0,0.0,0.0,0.3785430884887397,-0.23848608046652062,-0.4993619803863662,-0.15868959555411039,0,1.9605920988041703e-05
2025-07-21,510.06,1.9605920988041703e-05,1.960572879448489e-05,508.65,499.504,503.901216109811,493.6383560504049,1,499.504,513.8537961108156,485.1542038891845,0.7356202080142371,73.51950817205704,10.26286005940608,10.72080515256394,-0.4579450931578606,0.1206865358014059,0.0386283573275774,14066805.0,0.0,0.0,0.3566032646047401,-0.3561121426300008,-0.45989639925916487,-0.17867112247725986,0,-0.009391052033094205
2025-07-22,505.27,-0.0093910520330942,-0.0094354259928562,508.54,500.4675,504.1117982467632,494.4999593059305,1,500.4675,513.529507381832,487.40549261816807,0.3676693680850152,65.00513229621254,9.611838940832683,10.499011910217687,-0.8871729693850057,0.1158424753444336,0.0128899045786223,13868644.0,0.0,0.0,-1.3193321250940828,-0.5927800971419165,-0.9198045926253045,-0.7339930567231523,0,0.00118748391948853
2025-07-23,505.87,0.0011874839194885,0.0011867794181265,508.59,501.2555,504.3822908241842,495.3421845425282,1,501.2555,513.5665262516718,488.9444737483283,0.3748265908679503,65.54343019731176,9.040106281655994,10.207230784505352,-1.167124502849358,0.1132959306442942,0.0163746684883066,16396585.0,0.0,0.0,-1.3411812112239732,-0.8444640970594544,-0.8262414987835409,-0.7685367910838976,0,0.009903730207365458
2025-07-24,510.88,0.0099037302073654,0.0098550096838789,508.426,502.186,505.3819383896943,496.4931338356743,1,502.186,514.4505546618524,489.9214453381476,0.7088720495528297,69.73036902499955,8.888804554020055,9.943545538408292,-1.0547409843882374,0.1166995028595902,0.0287141073657928,16107000.0,0.0,0.0,-0.56671009268599,-1.02102220787319,-0.6069300985186344,-0.5810231049870176,0,0.00553946132164107
2025-07-25,513.71,0.005539461321641,0.0055241749320338,509.158,502.999,506.6631786374337,497.768457255254,1,502.999,516.0708273196451,489.9271726803548,0.8193957690905934,71.81386870778573,8.894721382179682,9.73378070716257,-0.8390593249828875,0.1131252958226161,0.0202577903120098,19125699.0,0.0,0.0,-0.15047127110748248,-1.1736131371442928,-0.7611207469501445,-0.5898897999401203,0,-0.002355414533491751
2025-07-28,512.5,-0.0023554145334917,-0.0023581928859426,509.646,503.82700000000006,507.56115115475154,498.8596826437537,1,503.82700000000006,517.1123145675531,490.5416854324471,0.6528260927432014,69.60775665225589,8.70146851099787,9.52731826792963,-0.8258497569317598,0.1127790374203729,0.0219749541357581,14308027.0,0.0,0.0,-0.9238239463533917,-1.4116012374646103,-0.7308515164968205,-0.793463129410718,0,0.00013658536585370307
2025-07-29,512.57,0.0001365853658537,0.0001365760389218,511.1060000000001,504.585,508.3317432847898,499.8752617071793,1,504.585,518.0573412571206,491.1126587428795,0.5926957941166826,69.66581289918811,8.456481577610475,9.3131509298658,-0.8566693522553237,0.1127868659270374,0.0183779702773585,16469235.0,0.0,0.0,-0.9097259309614432,-1.6038580019245647,-0.7733259468273802,-0.8535737680630128,0,0.0013071385371752342
2025-07-30,513.24,0.0013071385371752,0.0013062849753323,512.58,505.6445000000001,509.0868597025144,500.8652423214624,1,505.6445000000001,518.2725881163633,493.01641188363686,0.601476639219668,70.2515622424304,8.221617381052056,9.09484422010305,-0.8732268390509947,0.1029828885894136,0.0203172836070137,26380434.0,0.0,0.0,-0.7150860519288993,-1.7031907075306802,-0.7100617904788948,-0.8173365139360631,0,0.039474709687475684
2025-07-31,533.5,0.0394747096874756,0.0387154987149905,517.104,507.765,512.8427274405891,503.2826317791318,1,507.765,523.8675718769888,491.6624281230113,1.598191903541592,81.73624241074563,9.560095661457297,9.1878945083739,0.3722011530833953,0.1645109191796214,0.0547230240006326,51617326.0,0.0,0.0,2.6302770758900405,-1.2069539135415006,-0.015215015919339315,0.2189916812208642,1,-0.017600749765698143
2025-08-01,524.11,-0.0176007497656981,-0.0177574847875329,519.184,509.0285,514.5761539881908,504.8253997954924,1,509.0285,526.1178358868505,491.9391641131496,0.8825094257527366,68.53084022346732,9.750754192698366,9.300466445238795,0.450287747459571,0.1758547808221012,0.0365689648352518,28977628.0,0.0,0.0,-1.2016404281758062,-1.1148387715630306,-0.34904131378014,-0.6412022383489678,0,0.021999198641506457
2025-08-04,535.64,0.0219991986415064,0.0217607076730902,523.812,510.9245,517.8167456823153,507.1079627736041,1,510.9245,530.9013766064252,490.9476233935748,1.2372054193922752,74.07046229096707,10.708782908711214,9.58212973793328,1.126653170777935,0.1875702010299701,0.0467852257181942,25349004.0,0.0,0.0,0.383020019175223,-0.7534672659914038,-0.08556803759689825,-0.1417116258217207,0,-0.01473004256590249
2025-08-05,527.75,-0.0147300425659024,-0.0148396068989354,526.848,512.481,519.3449386542668,508.637002568152,1,512.481,532.615463672256,492.346536327744,0.7583514638653968,65.5649738132372,10.707936086114842,9.807291007569592,0.9006450785452493,0.1978947414169942,0.034702480149005,19171569.0,0.0,0.0,-1.9856337612277988,-0.731610075885134,-0.3393456684993956,-0.6988002551916317,0,-0.005324490762671608
2025-08-06,524.94,-0.0053244907626716,-0.0053387163822017,529.188,513.5525,520.2057173228411,509.8446320075481,1,513.5525,533.9559030959474,493.14909690405256,0.558117679999267,62.79916549690392,10.361085315292996,9.918049869114274,0.4430354461787225,0.1957590149394261,0.0291730384660628,21355702.0,0.0,0.0,-2.560977125457665,-0.8277061433331623,-0.46357087860239854,-0.8813717684356631,0,-0.007810416428544298
2025-08-07,520.84,-0.0078104164285442,-0.0078410774857006,526.6560000000001,514.5205,520.3032992731733,510.6591037106927,1,514.5205,534.3409652078001,494.7000347921998,0.3188371177843537,58.8953151876509,9.644195562480547,9.86327900778753,-0.2190834453069818,0.1977906456202177,0.030815207710729,16079144.0,0.0,0.0,-3.2073868766783353,-1.0482880802851764,-0.3928270335164938,-1.041038857137734,0,0.002303970509177411
2025-08-08,522.04,0.0023039705091774,0.0023013204387992,526.242,515.4565,520.5704840003773,511.5021330654562,1,515.4565,534.8125068468065,496.1004931531935,0.3401269720611899,59.68523942836327,9.068350934921057,9.704293393214236,-0.6359424582931794,0.1976882184250382,0.0319647340225748,15531009.0,0.0,0.0,-2.765375415790243,-1.2174077416055427,-0.3274715144002718,-0.9720420485995294,0,-0.0005172017469925461
2025-08-11,521.77,-0.0005172017469925,-0.0005173355419507,523.4680000000001,516.394,520.7550249233961,512.2627158013483,1,516.394,535.0161536433567,497.7718463566433,0.2886884139696605,59.40860218091848,8.4923091220478,9.461896538980948,-0.9695874169331482,0.1976755973438193,0.0213161603507672,20194372.0,0.0,0.0,-2.6174931148238203,-1.3900043298817841,-0.728723460526546,-1.1260529166195012,0,0.014316652931368301
2025-08-12,529.24,0.0143166529313683,0.0142151374168341,523.766,517.565,522.0604057044121,513.5202924086559,1,517.565,536.3323417347922,498.7976582652079,0.6220912990759926,64.33398332515846,8.540113295756214,9.277539890336,-0.7374265945797873,0.2021799151979754,0.0302310642191119,18688921.0,0.0,0.0,-1.5073171844992628,-1.346468811744427,-0.3502112708707007,-0.7606545846407046,0,-0.01636308669034836
2025-08-13,520.58,-0.0163630866903483,-0.0164984405626156,522.894,518.313,521.8326509806565,514.0432337117185,1,518.313,536.2499035642912,500.3760964357087,0.1263874777424341,55.87014077745078,7.789417268937996,8.979915366056401,-1.1904980971184056,0.2127899564590135,0.0157658536585365,19619160.0,0.0,0.0,-2.991563640349672,-1.601752009236986,-1.4533035131077612,-1.507406959966897,0,0.003649775250681886
2025-08-14,522.48,0.0036497752506818,0.003643130982807,523.222,518.852,521.9322431374785,514.6681793627023,1,518.852,536.5990597713345,501.1049402286655,0.2044282290557268,57.20055138751682,7.264063774776218,8.636745047800364,-1.3726812730241456,0.2093709054243665,0.0193339446319527,20269074.0,0.0,0.0,-2.551397186546357,-1.784978499784896,-1.2149347063579576,-1.3817512094807807,0,-0.004421221864951863
2025-08-15,520.17,-0.0044212218649518,-0.0044310243697106,522.848,519.358,521.6611288086357,515.0757216321317,1,519.358,536.6188002498193,502.0971997501806,0.0470430100718251,55.028433606307175,6.585407176503964,8.226477473541085,-1.6410702970371212,0.2097391045090649,0.0135024549918165,25213272.0,0.0,0.0,-2.733641917250364,-2.0333984800738674,-1.6439531634423794,-1.6304616106733723,0,-0.005901916681084862
2025-08-18,517.1,-0.0059019166810848,-0.0059194018225152,521.914,519.71,520.9594166842302,515.2256681778997,1,519.71,536.4517536653267,502.9682463346733,-0.1558976468161457,52.19184171684045,5.733748506330471,7.727931680098962,-1.9941831737684907,0.2111553619402982,-0.0307403936269915,23760583.0,0.0,0.0,-2.936374356801915,-2.324609079175411,-4.31893884754132,-2.6800557377936975,0,-0.014175207890156694
2025-08-19,509.77,-0.0141752078901566,-0.0142766357982026,518.02,519.9350000000001,519.2379679635794,514.8215446091664,-1,519.9350000000001,535.9654808346626,503.9045191653376,-0.6341044978526442,46.08372204702436,4.416423354413041,7.065630014961778,-2.649206660548737,0.2148990634385318,-0.0273606685619431,21481016.0,0.0,0.0,-3.450490670208328,-2.739274128300285,-3.575915735614801,-2.626487173581917,0,-0.007944759401298573
2025-08-20,505.72,-0.0079447594012985,-0.0079764871602762,515.048,519.9275,517.1582805845673,514.1473561195985,-1,519.9275,535.9858041315064,503.8691958684937,-0.8847447329213866,43.08351145878607,3.0109244649687525,6.2546889049631735,-3.243764439994421,0.2169305531973684,-0.0558584123665147,27723025.0,0.0,0.0,-3.4270901679809183,-3.0665695831167343,-4.318257422024937,-2.9634505270840954,0,-0.0029265206042869973
2025-08-21,504.24,-0.0029265206042869,-0.0029308112388423,511.4,519.5955,515.1708528023262,513.4134778885171,-1,519.5955,536.6829795345338,502.5080204654663,-0.8986404325439902,42.00724509604957,1.7573749138090309,5.355226106732345,-3.597851192923314,0.2139420867979234,-0.0445476077688299,18443254.0,0.0,0.0,-3.1849913449002383,-3.246503649187919,-3.3307799691806346,-2.6143971704902498,0,0.005929716008250097
2025-08-22,507.23,0.00592971600825,0.0059122044339561,508.812,519.2715000000001,513.9491831404299,512.9554424893678,-1,519.2715000000001,537.0602087487646,501.4827912512355,-0.676918160281664,44.99669719773884,0.9937406510621258,4.482929015598301,-3.489188364536175,0.2140950881853426,-0.0337371890120776,24324161.0,0.0,0.0,-2.6141770147754646,-3.206289840249747,-2.6152430061031846,-2.239742915153644,0,-0.005855331900715743
2025-08-25,504.26,-0.0058553319007157,-0.0058725415683089,506.244,518.8595,512.4585395803638,512.3113356383035,-1,518.8595,537.6613940535523,500.0576059464478,-0.7764909193944618,42.64513075549562,0.1472039420602868,3.6157840008906974,-3.4685800588304114,0.2148324742248451,-0.0318331925351356,21638579.0,0.0,0.0,-2.6512818110664584,-3.1690325668530646,-2.371255992503242,-2.1524541013026925,0,-0.004402490778566581
2025-08-26,502.04,-0.0044024907785665,-0.0044122102782564,504.698,518.333,510.8556873372309,511.5504959613921,-1,518.333,538.4221278268396,498.2438721731602,-0.8110357074950747,40.9235358245385,-0.6948086241612828,2.753665475880302,-3.448474100041585,0.2151730363264793,-0.0383112405179678,30835709.0,0.0,0.0,-2.6132982209122058,-3.11465624088668,-2.456930995734722,-2.161249552911264,0,0.009361803840331362
2025-08-27,506.74,0.0093618038403313,0.0093182537487059,504.90199999999993,518.008,510.22250466996456,511.19416292721496,-1,518.008,538.6468418687971,497.369158131203,-0.5459608669726578,45.90280745919968,-0.9716582572503968,2.0086007292541623,-2.980258986504559,0.2181890231451557,-0.0288057956570901,17277893.0,0.0,0.0,-2.010413202635751,-2.923521277367389,-1.9825686037920387,-1.826861971196211,0,0.005722855902435153
2025-08-28,509.64,0.0057228559024351,0.0057065425722285,505.9820000000001,516.8149999999999,510.132888566893,511.0790397474213,-1,516.8149999999999,536.415617068722,497.2143829312778,-0.3660599038715746,48.7718990017445,-0.9461511805282612,1.4176503472976778,-2.363801527825939,0.163944421366432,-0.0370342377749225,18015593.0,0.0,0.0,-1.6634320226296153,-2.695738030433215,-2.1639035970225513,-1.7639871710921196,0,-0.005788399654658161
2025-08-29,506.69,-0.0057883996546581,-0.0058052173697786,505.874,515.944,509.6032134027556,510.7539256920568,-1,515.944,535.7270372847931,496.1609627152067,-0.4677744810759318,46.09383342344678,-1.1507122893011683,0.9039778199779086,-2.054690109279077,0.1541852322393261,-0.0266817780168274,20961569.0,0.0,0.0,-1.8215598956425896,-2.5547778340772327,-1.7143977421095493,-1.6030456473861683,0,-0.00309854151453548
2025-09-02,505.12,-0.0030985415145354,-0.0031033519337198,506.046,514.418,508.9134882638701,510.3365978630155,-1,514.418,532.4335121463622,496.4024878536378,-0.5161107785591045,44.68746351292694,-1.4231095991453913,0.4385603361532486,-1.86166993529864,0.1268686117743335,-0.0332261521972133,18127995.0,0.0,0.0,-1.8547587662066127,-2.44792957039474,-1.8571548765883326,-1.6329383526459238,0,0.0004553373455813414
2025-09-03,505.35,0.0004553373455813,0.0004552337109901,506.708,513.298,508.3652593001978,509.9672202435329,-1,513.298,530.5944987026104,496.0015012973896,-0.4595149652340012,44.952440206567054,-1.6019609433350863,0.0304560802555815,-1.632417023590668,0.1192166879798937,-0.028490685737355,16345078.0,0.0,0.0,-1.749560375924988,-2.3358796754213587,-1.62554838250603,-1.5028239279174476,0,0.005184525576333199
2025-09-04,507.97,0.0051845255763331,0.0051711321958779,506.954,512.4495,508.3044501770905,509.8192780032712,-1,512.4495,528.9897507140971,495.9092492859028,-0.2708241898765219,48.00792011435487,-1.514827826180749,-0.2786007010316845,-1.2362271251490644,0.1213283926375614,-0.0176561593502223,15509486.0,0.0,0.0,-1.431280881682179,-2.185795367419299,-1.2191529715956826,-1.2594085582497494,0,-0.025533003917554198
2025-09-05,495.0,-0.0255330039175541,-0.0258646281478592,504.026,511.1575000000001,506.2576116883073,508.7215537067326,-1,511.1575000000001,528.929173350734,493.38582664926616,-0.9091715608948464,37.04562178136163,-2.463942018425314,-0.7156689645104105,-1.7482730539149034,0.1475700564992899,-0.0289738509523902,31994846.0,0.0,0.0,-2.222954571065064,-2.252370959634453,-1.531971746415708,-1.543873765367124,0,0.006464646464646506
2025-09-08,498.2,0.0064646464646465,0.0064438402593897,502.328,509.9655,505.01797912087545,507.94217935808575,-1,509.9655,527.8614242346266,492.0695757653733,-0.6574401995530931,40.64666659735466,-2.9242002372103,-1.1573752190503883,-1.7668250181599117,0.1500853208990495,-0.0148698884758364,16771015.0,0.0,0.0,-1.8375360437445594,-2.2132673575881863,-1.0361628737196975,-1.2834810539478525,0,0.00042151746286633873
2025-09-09,498.41,0.0004215174628663,0.0004214286493373,500.9860000000001,508.7975,504.0013669484331,507.2360919982276,-1,508.7975,526.4976538798222,491.0973461201777,-0.5868593047567465,40.88564000645825,-3.234725049794463,-1.5728451851992036,-1.6618798645952593,0.1502731649637682,-0.0115619546247818,14410542.0,0.0,0.0,-1.7412893293048564,-2.150562393217249,-0.8982691067157352,-1.2002926515157908,0,0.0039325053670671295
2025-09-10,500.37,0.0039325053670671,0.0039247932797739,499.99,507.354,503.44269511021264,506.7274925909514,-1,507.354,522.5689959268345,492.1390040731654,-0.4590208261365585,43.18490822792256,-3.2847974807388027,-1.915235644307124,-1.369561836431679,0.1393229235553116,-0.0135244366460974,21611816.0,0.0,0.0,-1.499356723841389,-2.047388609483371,-0.9312961415890589,-1.1376721466952913,0,0.0012790535004096881
2025-09-11,501.01,0.0012790535004096,0.0012782362083138,498.598,506.3755,503.0684343240261,506.3039746212513,-1,506.3755,520.486164089744,492.26483591025607,-0.3802443291028241,43.951508831195255,-3.2355402972252705,-2.179296574890753,-1.0562437223345174,0.1301358162789739,-0.0064450878515052,18881608.0,0.0,0.0,-1.387183872291521,-1.9383356436101402,-0.6762713913939007,-0.9987156723487045,0,0.01774415680325747
2025-09-12,509.9,0.0177441568032574,0.0175885670956047,501.578,505.7465,504.119444428022,506.570346871529,-1,505.7465,517.8071437377686,493.6858562622314,0.344384602539335,53.36451624375061,-2.4509024435070046,-2.2336177486140034,-0.2172846948930011,0.1464312520980779,0.015656123018086,23624884.0,0.0,0.0,-0.6434123016238997,-1.7146008696957604,0.05759489809979607,-0.5371744634137914,0,0.010707981957246648
2025-09-15,515.36,0.0107079819572466,0.0106510575217787,505.0100000000001,505.506,505.8487606698648,507.2214322884528,-1,505.506,516.5003150860562,494.5116849139439,0.8962813893243451,58.02692965302517,-1.3726716185879582,-2.0614285226087943,0.6887569040208361,0.1517333968871728,0.0170106958203417,17143786.0,0.0,0.0,-0.26781679693539795,-1.459616528759276,0.11504650450861664,-0.3782012149988827,0,-0.012263272275690795
2025-09-16,509.04,-0.0122632722756907,-0.012339086658352,507.1360000000001,505.103,506.3397205668087,507.3561410078266,1,505.103,514.8252070269377,495.3807929730622,0.4049492043413238,51.59671508456975,-1.0164204410179425,-1.852426906290624,0.8360064652726817,0.1564327902179332,-0.0011773016246762,19711922.0,0.0,0.0,-0.740410853444821,-1.3447294303549135,-0.46792667249008735,-0.6480388636492231,0,0.0019251925192518282
2025-09-17,510.02,0.0019251925192518,0.0019233417111942,509.066,505.1155,506.9059174026843,507.5534638961358,1,505.1155,514.8635804588664,495.3674195411336,0.503124694209832,52.47614496313291,-0.6475464934515003,-1.6114508237227994,0.9639043302712992,0.1482580782783845,0.0065720657601293,15816585.0,0.0,0.0,-0.6480871031273422,-1.2344242893812316,-0.1913716649957498,-0.5052035757192888,0,-0.003078310654484162
2025-09-18,508.45,-0.0030783106544841,-0.0030830583985846,510.554,505.25200000000007,507.14346857150207,507.6198739779035,1,505.25200000000007,515.1115390092357,495.3924609907645,0.324355935607568,50.88121323062456,-0.4764054064014544,-1.3844417402585305,0.908036333857076,0.1457518636024347,0.0065924928729805,18913696.0,0.0,0.0,-0.7444897738279123,-1.163564355392024,-0.16970202094016001,-0.4991847509426445,0,0.018644901170223216
2025-09-19,517.93,0.0186449011702232,0.0184732157556264,512.16,505.9365,508.8029349451172,508.3835870165773,1,505.9365,517.2881672089172,494.58483279108265,1.0565408392679516,58.98699854977639,0.4193479285398211,-1.02368380649886,1.4430317350386812,0.1587425938279192,0.0248936380726227,52474093.0,0.0,0.0,-0.08993810704607258,-0.97100044912759,0.4661607239676452,-0.0975814803024362,0,-0.006719054698511195
2025-09-22,514.45,-0.0067190546985111,-0.0067417291709534,511.978,506.2975,509.67171418432986,508.83295094127527,1,506.2975,518.2648835244806,494.3301164755194,0.6812266008959428,55.37445945335981,0.8387632430545864,-0.6511943965881708,1.4899576396427572,0.160255504810118,0.0127566588578065,20009314.0,0.0,0.0,-0.3509659488590312,-0.8663546175125241,0.07524523246822414,-0.26044601278605883,0,-0.010146758674312473
2025-09-23,509.23,-0.0101467586743124,-0.0101985879274612,512.016,506.546,509.6037581559714,508.8623619826623,1,506.546,518.5416121802893,494.5503878197107,0.2237484806661439,50.38938908653895,0.7413961733091696,-0.3726762826087028,1.1140724559178723,0.1633175602179738,0.0287474747474747,19799580.0,0.0,0.0,-0.7265826313560372,-0.8546932069053816,0.6552518377930139,-0.12965168476999803,0,0.0018066492547570423
2025-09-24,510.15,0.001806649254757,0.0018050192269559,512.042,506.9515,509.6877953627451,508.9577425765392,1,506.9515,518.8536984258951,495.0493015741049,0.2687318666307206,51.22284053638179,0.7300527862059312,-0.152130468845776,0.8821832550517071,0.1623303039881849,0.023986350863107,13533711.0,0.0,0.0,-0.6327225464006431,-0.8282704646971347,0.5127189571664291,-0.15416049044616212,0,-0.006115848279917735
2025-09-25,507.03,-0.0061158482799177,-0.0061346266830678,511.758,506.966,509.2789037684767,508.81494683012886,1,506.966,518.8678201173695,495.06417988263047,0.0053773287924729,48.2616950047333,0.4639569383477919,-0.0289129874070624,0.4928699257548543,0.1608375355987301,0.0172949980939385,15786468.0,0.0,0.0,-0.8498884510426549,-0.8480954610502495,0.2793116460554976,-0.2842424793516692,0,0.008737155592371204
2025-09-26,511.46,0.0087371555923712,0.0086992075270243,510.464,507.0570000000001,509.61445703486487,509.01087669456376,1,507.0570000000001,519.0721958172672,495.0418041827329,0.3664526210777429,52.46368862413987,0.6035803403011073,0.0975856781345715,0.5059946621665358,0.1625801293152637,0.0221635989367867,16213129.0,0.0,0.0,-0.4807045642101716,-0.7941765774779159,0.46400538580217526,-0.13228317218075197,0,0.006139287529816739
2025-09-29,514.6,0.0061392875298167,0.0061205188823731,510.494,507.4525,510.3814636448857,509.42488582829975,1,507.4525,519.9287272891039,494.976272710896,0.5728895309756226,55.23865018586719,0.9565778165859342,0.269384105824844,0.6871937107610901,0.1622697411915326,0.0271252070816949,17617775.0,0.0,0.0,-0.22765632533632787,-0.701804149843436,0.6571306531358219,0.00901342606941307,1,0.00650991061018269
2025-09-30,517.95,0.0065099106101826,0.0064888126564672,512.238,508.094,511.54585385336486,510.0563757669442,1,508.094,521.3596555376305,494.8283444623693,0.7429711989763079,58.05211448657349,1.489478086420661,0.5134029019440075,0.9760751844766534,0.1628007502229091,0.0157874092959404,19728229.0,0.0,0.0,0.0286539531337738,-0.5763911572439444,0.2619333079735717,-0.046690340893481244,0,0.0033980113910609955
2025-10-01,519.71,0.0033980113910609,0.0033922511954726,514.15,508.81200000000007,512.8018763374625,510.7714590434669,1,508.81200000000007,522.9763371294515,494.64766287054863,0.7693971062959323,59.492652054903445,2.030417293995697,0.8168057803543455,1.2136115136413514,0.1629433392949392,0.0084407016454517,22632336.0,0.0,0.0,0.16719508544308365,-0.4495611688543996,0.006719118373713976,-0.07659958369418329,0,-0.007638875526736144
2025-10-02,515.74,-0.0076388755267361,-0.0076682011751685,515.892,509.2005,513.2538953624683,511.1394991143212,1,509.2005,523.6900947784289,494.7109052215711,0.4513238706810166,54.911834547492994,2.114396248147102,1.0763238739128969,1.0380723742342053,0.1653589587688572,0.0131620304887631,21222886.0,0.0,0.0,-0.20367083789214308,-0.4095920514713074,0.2134468153261845,-0.0684257950820909,0,0.003121728002482005
2025-10-03,517.35,0.003121728002482,0.0031168655265446,517.07,510.3179999999999,513.8840653067039,511.599536216964,1,510.3179999999999,523.5927383362425,497.0432616637573,0.5297279556013068,56.37872626553845,2.2845290897398627,1.31796491707829,0.9665641726615726,0.1321330550799706,0.0143719854123367,15112321.0,0.0,0.0,-0.05524536537575655,-0.35270173217630935,0.2725789443237465,-0.003821875605917376,1,0.021687445636416447
2025-10-06,528.57,0.0216874456364164,0.0214556188196879,519.8639999999999,511.83650000000006,516.1434398749033,512.8566076083,1,511.83650000000006,526.1797467513252,497.4932532486749,1.1666465961379358,64.93937709556951,3.2868322666032554,1.7117383869832832,1.5750938796199725,0.1482744183772267,0.0395712459435539,21388581.0,0.0,0.0,0.7203559260443689,-0.1299756875508086,1.2226000425390084,0.5394872782098246,1,-0.008683807253533127
2025-10-07,523.98,-0.0086838072535331,-0.0087217312169509,521.07,513.115,517.3490645095335,513.6805626002778,1,513.115,526.969232870211,499.260767129789,0.7842368539481972,59.77155551767383,3.668501909255724,2.103091091437772,1.5654108178179524,0.1537985733596767,0.0116811152086191,14615208.0,0.0,0.0,0.27876700847536284,-0.029647451946793777,0.16666889290470285,0.10667565122502012,1,0.0016603687163632141
2025-10-08,524.85,0.0016603687163632,0.0016589918281101,522.0980000000001,514.339,518.5030545849899,514.5079283335905,1,514.339,527.7712908655124,500.90670913448776,0.7825173014222909,60.41457765654214,3.9951262513993697,2.4814981234300912,1.5136281279692785,0.1537307532525939,0.0202157644085916,13363447.0,0.0,0.0,0.36279309736257154,0.06105545489038349,0.4900338559474052,0.259334332776702,1,-0.004668000381061299
2025-10-09,522.4,-0.0046680003810612,-0.0046789295195854,523.43,515.4085,519.1025846488376,515.092526234806,1,515.4085,527.7327717731246,503.0842282268755,0.567295182117479,57.6213420468166,4.010058414031619,2.787210181550397,1.2228482324812218,0.1557423988072291,0.0258625768316869,18343602.0,0.0,0.0,0.13048030531753238,0.08775838602096925,0.6998074182617422,0.2929682539603585,1,-0.02189892802450233
2025-10-10,510.96,-0.0218989280245023,-0.0221422687088876,522.1519999999999,515.4615,517.8498793182472,514.7864131803759,1,515.4615,527.6948096180681,503.2281903819319,-0.3679707405877706,46.75184997069829,3.063466137871273,2.842461372814572,0.2210047650567013,0.1667679513656217,0.0015877683034402,24133840.0,0.0,0.0,-0.8691490907048826,-0.0886745147811693,-0.2081777526620551,-0.26886066026798816,0,0.006047440112728841
2025-10-13,514.05,0.0060474401127288,0.0060292277353936,519.2479999999999,515.396,517.2652825000553,514.7318640559037,1,515.396,527.6456150745513,503.1463849254486,-0.1098810037546671,49.52164851579346,2.533418444151607,2.7806527870819795,-0.2472343429303722,0.1636692130223472,0.013845334595586,14284238.0,0.0,0.0,-0.575912458018729,-0.17845808979829073,0.27833213953014235,-0.062380765217768676,0,-0.0009337613072656348
2025-10-14,513.57,-0.0009337613072656,-0.0009341975339306,517.166,515.6225000000001,516.6967775000468,514.6458000517626,1,515.6225000000001,527.5403024732107,503.7046975267894,-0.1722213474013945,49.094436577300925,2.050977448284129,2.63471771932241,-0.5837402710382804,0.1572643355110468,0.004125444805068,14684300.0,0.0,0.0,-0.5929262937458167,-0.2600273128476576,-0.07634409908848495,-0.2103125216420475,0,-0.00027260159277231466
2025-10-15,513.43,-0.0002726015927723,-0.0002726387553403,514.882,515.793,516.1941963461934,514.5557407886691,-1,515.793,527.4684282689823,504.1175717310177,-0.2023908627213068,48.96176532238826,1.638455557524253,2.435465286962778,-0.7970097294385257,0.1571833325832551,-0.0022736105713176,14694654.0,0.1909,0.0,-0.5828255579413466,-0.3287848252332384,-0.31715165551968877,-0.30976439732846994,0,-0.002804666653681953
